{
  "ጠቅላይ": {
    "q": 0.3333333333333333
  },
  "መምሪያ": {
    "q": 0.3333333333333333
  },
  "እዝ": {
    "q": 0.3333333333333333
  }
}